<?xml version="1.0" encoding="utf-8"?>
<jdoconfig xmlns="http://java.sun.com/xml/ns/jdo/jdoconfig"
    xmlns:xsi="http://www.w3.org/2001/XMLSchema-instance"
    xsi:noNamespaceSchemaLocation="http://java.sun.com/xml/ns/jdo/jdoconfig">

	<persistence-manager-factory name="Marisma">
	
		<property name="javax.jdo.PersistenceManagerFactoryClass" value="org.datanucleus.jdo.JDOPersistenceManagerFactory" />
		<property name="javax.jdo.option.ConnectionDriverName" value="com.mysql.jdbc.Driver" />
		<property name="javax.jdo.option.ConnectionURL" value="jdbc:mysql://localhost/banco" />
		<property name="javax.jdo.option.ConnectionUserName" value="root" />
		<property name="javax.jdo.option.ConnectionPassword" value="" />
		<property name="javax.jdo.option.NontransactionalRead" value="true" />
		<property name="javax.jdo.option.NontransactionalWrite" value="true" />
		<property name="javax.jdo.option.Optimistic" value="true" />
		<property name="javax.jdo.option.Multithreaded" value="true" />
		<property name="datanucleus.autoCreateSchema" value="true" />
	
		<property name="datanucleus.connectionPoolingType" value="DBCP" />
		<property name="datanucleus.connectionPool.minIdle" value="3" />
		<property name="datanucleus.connectionPool.maxIdle" value="10" />
		<property name="datanucleus.connectionPool.maxWait" value="60" />
		<property name="datanucleus.connectionPool.maxActive" value="5" />
		
	</persistence-manager-factory>

</jdoconfig>